netlist_idx,method,hpwl,overlap_area,overlap_pct,overlap_pairwise_sum,congestion,density,runtime,num_modules,num_nets
0,SA,136827.8125,0.000674544891808182,1.8834911315934733e-05,0.000674544891808182,7.846769332885742,0.00358135400390625,0.0010619163513183594,200,800
0,Analytical,529758.4736624934,0.0,0.0,0.0,1.2873094081878662,0.00358135400390625,0.03826618194580078,200,800
0,MDP,436140.625,242.6434783935547,6.775188446044922,242.6434783935547,3.36690354347229,0.00358135400390625,1.8466553688049316,200,800
0,MDP+Diffusion,414352.625,0.8973245024681091,0.025055453181266785,0.8973245024681091,3.6669764518737793,0.00358135400390625,212.59995484352112,200,800
